domain,site,solute,n_ann,slope_ann_mean,p_ann_mean,rsquared_ann_mean,slope_ann_low,p_ann_low,rsquared_ann_low,slope_ann_high,p_ann_high,rsquared_ann_high,slope_sp_mean,p_sp_mean,rsquared_sp_mean,slope_sp_low,p_sp_low,rsquared_sp_low,slope_sp_high,p_sp_high,rsquared_sp_high,slope_w_mean,p_w_mean,rsquared_w_mean,slope_w_low,p_w_low,rsquared_w_low,slope_w_high,p_w_high,rsquared_w_high,slope_su_mean,p_su_mean,rsquared_su_mean,slope_su_low,p_su_low,rsquared_su_low,slope_su_high,p_su_high,rsquared_su_high,slope_f_mean,p_f_mean,rsquared_f_mean,slope_f_low,p_f_low,rsquared_f_low,slope_f_high,p_f_high,rsquared_f_high
baltimore,BARN,pH,18,0.02008899269004195,0.023937313000124083,0.2800108312535392,0.027135118433339163,0.06868845841493136,0.192311609187259,0.01438155437613626,0.09120584679043922,0.16796093064354728,4.3873096632042705e-5,0.17175623916941543,0.11342147143333985,5.3240409960823134e-5,0.4181846551408991,0.04137744817876195,3.593175981785505e-5,0.16507802668440924,0.1168162622138463,5.153981313941957e-5,0.16115042626023707,0.11210668250199102,9.634744919727725e-5,0.09991691187305218,0.1511814965604552,1.586381327034762e-5,0.6561496603292308,0.011936536622769289,3.943888674182226e-5,0.16513774437533585,0.11678527186497051,6.168213801978276e-5,0.09252647055749828,0.16672179345813648,4.793605851487083e-5,0.4993859708680918,0.028988838861931664,6.764163608692059e-5,0.01689466342144124,0.324924855250098,5.185365964317246e-5,0.16767055299200165,0.12292169478437356,7.727559394885011e-5,0.010762053717611384,0.36092056120267524
baltimore,DRKR,pH,16,5.969752407694724e-4,0.8984517392230094,0.0012048305513736293,-9.51625233426634e-4,0.8320168805528629,0.0033249641663599034,-0.018751699862637423,0.05001028202642549,0.24729710053299025,-1.6119583453502366e-5,0.47746795924581464,0.036662038913742194,-4.0264363225876384e-05,0.5511175533590305,0.02595697914158666,-6.0052783062707186e-5,0.028448480072741176,0.2988099487834373,2.1467626661597888e-5,0.26227336804054124,0.08295370010540053,4.122070171895698e-5,0.09060525819337568,0.17902310840936153,1.6705369895487087e-5,0.5929898210692373,0.019498015806088197,-1.48156981599154e-5,0.41458220019771785,0.05180768883075411,-1.5728425237087492e-5,0.468855968673519,0.04106731723510674,-5.272301760367983e-6,0.7685776983939757,0.006896412283745566,1.7094942622441165e-5,0.4182684502991515,0.051015833986366374,-6.6269642244433405e-6,0.8156434130856396,0.004335833077403465,4.839894216447447e-5,0.04061559755226433,0.2844617223418087
baltimore,GFCP,pH,18,0.016773379787779343,0.011124865912915897,0.3397566109155084,0.012720797090766565,0.1076307884318597,0.15367312669234387,0.018858008166155023,0.06717239374567027,0.1942191896308652,7.514587112851896e-5,0.010651243740195106,0.34303357136542095,1.463850824346771e-4,0.0246927336250995,0.2775102250753662,8.689267862085567e-5,0.049782208384978745,0.21965159510618618,5.1683544164665666e-5,0.020071468240591438,0.27905825261430456,6.05662483042792e-5,0.08910405681407216,0.16056278422149606,3.814583321407726e-5,0.21826939223905215,0.08771067528559844,2.0368169493067533e-5,0.4695515069875611,0.03316109799851021,1.29164229894191e-5,0.7319556773629408,0.007536634730378389,3.6034886657571245e-5,0.10180120833109127,0.15848083937360752,3.685877033428004e-5,0.10948721506352369,0.16177500278573437,2.7608145089925375e-5,0.30620627865694255,0.06960590979139739,4.888049793002507e-5,0.06826330662060992,0.2046521803405574
baltimore,GFGB,pH,18,0.003375383556985715,0.5703284985434799,0.020556617642933154,0.013970411936705118,0.17381528909090976,0.11240269610196195,-0.014142906285322226,0.06415299253395758,0.1981449345013165,1.0539463515254627e-6,0.9662566787320807,1.1539109716095289e-4,1.411898288991831e-5,0.8016723052078962,0.004060102320665964,9.648269385452647e-6,0.9000458859751206,0.001016771868495002,2.3959776175106e-5,0.2288282789574985,0.08396973012651372,5.6636502142622253e-05,0.1585632530934413,0.11342148310865711,3.1655083721792067e-6,0.8466805928602971,0.0022622251360791593,8.301889583550077e-6,0.6892842719459022,0.010255049361916567,4.333359030378306e-5,0.18989389929143558,0.10486140762331228,-2.3571044690595122e-5,0.5889784254677577,0.01864820625459598,2.1801256529913624e-5,0.30396088978782765,0.07023177137217601,2.5515222789855943e-5,0.4503420125264973,0.03850721686691587,1.3821644269751808e-5,0.5310323959008088,0.026682568151560157
baltimore,GFGL,pH,18,0.011061929123615383,0.032511258950512566,0.25512544006817106,0.01885559077432216,0.030904448129706885,0.25928252811831215,0.003074339317373577,0.6619451149250172,0.01225104064092578,1.0297472581102558e-5,0.606608480320409,0.016951044700450273,-6.65610791285009e-6,0.8986440593892658,0.0010456323375211875,-1.0576414301926157e-5,0.7321086009595084,0.007527727735016249,2.7360560648784033e-5,0.2191394431409039,0.08739490621293855,4.0463362186811455e-5,0.29214023642498677,0.0650051838022951,2.3366455124388422e-5,0.29935607919978935,0.06315344769427937,3.788746591688755e-5,0.022909256190964948,0.29977089825026104,2.899782035789072e-5,0.40231234543827044,0.04718767560976508,6.107302061585065e-5,0.0015803485153745587,0.4967648997547941,8.343399344100073e-5,4.1240365121939307e-4,0.5758871887599505,8.929442984645359e-5,0.014206939114548003,0.3389345352770875,7.728719205760786e-5,0.008978661460758104,0.37494935255635403
baltimore,GFuGR,pH,10,0.00730429866139487,0.4921717411029165,0.060815698533270936,-0.006109740259740464,0.6997433530610684,0.019591699916212624,0.004604088504088087,0.7371112004522089,0.014878239138718798,-1.490106030951928e-5,0.694333411155085,0.020334100733466885,-2.5230989489408845e-4,0.14632164321527735,0.24444976103167373,7.810706760821733e-5,0.3011656669104848,0.1324765603581437,9.832012520726728e-5,0.04285476037617108,0.41957677675998667,7.382336490952343e-5,0.26652218510115516,0.15134157159746026,1.0433624906717919e-4,0.21397849671600727,0.18553479386905855,-2.275073802545812e-5,0.6595765850687062,0.02548103629926585,-4.101696464473409e-5,0.5499430533959113,0.04642653905030648,3.3601861565121654e-5,0.5408781955932096,0.048515793967594395,7.93739051026811e-5,0.16333670020318786,0.22751291336845864,9.795714659579942e-5,0.22169397164495183,0.18000967148633912,-7.192370385523323e-5,0.6755944391519911,0.0230268176304717
baltimore,GFVN,pH,18,0.00607169380905244,0.25249533281958125,0.08095236862237966,0.012178647599390796,0.11169395882027905,0.15047300371078792,-0.010527260553343664,0.20725803159155687,0.09744891558681179,1.3383944036028006e-6,0.9531087707334184,2.2294504207279832e-4,3.15711618611316e-6,0.9579927518951503,1.7888493692691559e-4,-3.887370920885361e-5,0.1736415768539838,0.11248815301671504,1.772367337140639e-5,0.40540044512359497,0.04106390520535028,3.32944996115504e-5,0.3580150074767783,0.0498853596672005,5.050304022156714e-6,0.8026549486107879,0.0037763124638174853,3.8308428155756925e-6,0.8317942859139202,0.002904829791051194,9.884738555850616e-6,0.6773083279450095,0.011104121343918825,-2.546089124386697e-6,0.8856203270857936,0.0013334005575856482,4.53011217340209e-5,0.011078582282375281,0.35865283363123707,9.833778269387006e-5,0.09589708448890898,0.17385769116273408,3.8965241389300344e-5,0.17149708665088836,0.12087511425522054
baltimore,GRGF,pH,16,0.01517518944852954,0.11048102950823964,0.1717604014789951,0.009812613403570314,0.4749305573894258,0.03707832334956489,0.016113606338057723,0.005632399040363161,0.43241017447695496,7.367701171681637e-5,0.005439506428408218,0.46013107313761425,4.991191907509218e-5,0.4776254148706397,0.03950345570101547,2.119565170431984e-5,0.5658391948694557,0.02600803319016941,1.2210931094725044e-4,1.1051369545457883e-4,0.6958585745471025,1.3601534685828847e-4,1.4179609786300467e-5,0.7766694314066311,9.30549622491899e-5,0.22036810747148464,0.11309223191613671,6.0736412783845465e-5,0.05227506452385281,0.2597857042337072,2.0796401583861283e-4,0.0716911338251163,0.22823894586654003,3.2173550639182395e-5,0.20577336938740592,0.1200735915725442,2.7119258360462794e-5,0.36974885983147365,0.0622723049516731,-3.526634241983861e-7,0.9939094358519218,4.657858179603816e-6,5.0900300305646484e-5,0.039820702787253914,0.2863725285036978
baltimore,MAWI,pH,10,0.016007747664289806,0.2764199874785086,0.1456929367509698,-0.006265873015873386,0.8429955880365159,0.005205308755255915,0.01881574425574378,0.08487879128010217,0.32573689374075077,2.8970870714816537e-5,0.5150057855084874,0.05481646891214144,8.694414577222651e-5,0.266378743082821,0.1514250670134152,1.9563777095913228e-5,0.7820728492149724,0.010127783716951945,1.0986635312822395e-4,0.06494635955937193,0.3636856082329037,2.057426573171239e-5,0.88911651443434,0.002582738115438222,1.5638174113020783e-4,0.0196073557343728,0.5141079767370726,-6.702693480646026e-6,0.926730813693609,0.0011244059892801482,-8.565081224719281e-6,0.9439553315843523,6.572692945997339e-4,1.888311459840272e-5,0.7094450880412786,0.018298891810118297,8.228417788838309e-5,0.21355836336556422,0.1858413348893841,8.756074405228148e-5,0.3153770332593946,0.1254179601961445,8.939679259852595e-5,0.11736700334231503,0.27794104894959226
baltimore,MCDN,pH,17,0.006322218593283457,0.6009632175573147,0.018676408296983495,0.009252677224735826,0.5147805494770306,0.028821377933701493,0.002131458625115671,0.8663472300932178,0.0019503689941731044,-2.758796751844044e-6,0.9535946325187147,2.3338343216244912e-4,-4.230138515420675e-5,0.6975156041086115,0.010358068069635287,1.1507555100730498e-5,0.7856112121198207,0.0050867918712841345,6.990229406477758e-5,0.1062375405070774,0.1547982065419342,6.690012832633877e-5,0.20533192574770953,0.09823737623852843,8.990288129869021e-5,0.0413551126169385,0.23520377436407955,-2.1827202983765724e-5,0.541135786074493,0.02726236490797957,-3.7855491722077026e-5,0.2899286873729307,0.07953990175371287,-4.048885170146465e-6,0.9141737360402586,8.594528290315125e-4,3.7667391559825474e-5,0.18832991816671305,0.120196866342097,2.3138697307418154e-5,0.476758733175239,0.03677804895509355,3.8137858590310343e-6,0.904391356128353,0.0010674237954344345
baltimore,POBR,pH,18,0.048178185673957236,0.006852313193768722,0.37553389579855756,0.053105814782055026,0.010280566391605352,0.34569217482396275,0.03075923264042528,0.053088408288733624,0.21422327407120123,1.2317024707932477e-4,0.047415236828175875,0.22375201959604762,1.2322915281584554e-4,0.16484388432581784,0.11693788302102211,1.1189410587434165e-4,0.06668429185334271,0.19484216661653103,1.9117723188145246e-4,0.0014131635323050224,0.460035735407405,1.858855629168687e-4,0.01058133008416063,0.3266192433373789,2.1588119062258742e-4,2.83855775906424e-4,0.5490840749048992,7.320377972578436e-5,0.15299485870559323,0.123339781492674,9.23707115292635e-5,0.11917451519441404,0.14487449880946837,4.215877428689531e-5,0.4368298924837839,0.03823184994848084,1.4346259494439726e-4,0.004606330488989577,0.42446005746378185,5.2617758255951064e-5,0.6750674353648873,0.012038762049591211,1.3864142638960925e-4,0.06709279224077373,0.2062085888667111
baltimore,RGHT,pH,17,-0.008274337034257648,0.4876615667069034,0.0326516233054031,0.006818380033636797,0.6844611558927344,0.011317807643865987,-0.031524434052467756,0.03526942010863361,0.2630338932439726,-4.288800698139439e-5,0.297443863274974,0.07719879311191068,1.148770524960372e-5,0.798804145146483,0.004797797291029261,-9.36889485559225e-5,0.058319697024773104,0.23288905910070712,-1.0445723442005823e-4,0.11835260996643612,0.1908127364423765,-1.2147377939349151e-4,0.11604758233236025,0.19297744287151153,-5.3244511849950296e-5,0.4337162661218187,0.051839117364505305,-8.853337588224663e-5,0.21605382322555045,0.11510306627323677,-9.402945331443841e-5,0.26375929772398266,0.09498228889758067,-5.459594290273752e-5,0.362865040080223,0.06402729350887337,1.0655394894583297e-5,0.8324377483210698,0.0035718667004306193,-2.680429794064161e-5,0.6936226586811038,0.012328302469422505,5.4164511737240025e-5,0.306648227496092,0.08012254692910559
bear,EB,pH,30,0.014476014821457234,2.781961715855004e-4,0.3812171851985414,0.012781599817189064,5.199761463417379e-4,0.35438523216128404,0.010162209058089984,0.07865829785901494,0.10632537638211917,3.980786643735431e-5,8.673788413256816e-5,0.4404971263255904,3.6412218681028584e-5,9.476483133443803e-4,0.33767978391850034,4.285667769226431e-5,3.2867913165865567e-4,0.3851116707139365,3.1874422145087726e-5,7.966201128371399e-4,0.3456654938794678,2.9018495194186043e-5,0.01974827247423782,0.18531570253881496,3.59871320451349e-5,9.964532419164968e-4,0.3353544463476646,3.551235059303605e-5,0.019309614620298576,0.1930723132294255,5.093123394590665e-5,5.765382367740622e-5,0.4693565434455521,1.3173029780107192e-5,0.5139753939323515,0.0165621714925119,4.3392392426909186e-5,2.3510650522527672e-4,0.41135220830097463,4.526833542542863e-5,1.1953431170150236e-4,0.4399532326743617,3.547119563955508e-5,0.022247581707731823,0.18522708367991103
bear,WB,pH,31,-0.027448142530671498,2.571228348313969e-6,0.5392447175363382,-0.02057298617712935,3.14280921492439e-5,0.45524553278165597,-0.03408816447329558,1.5177876156015327e-6,0.5552920019065253,-7.362506350875235e-5,3.2415042539582224e-6,0.544730982304443,-5.1367298604368274e-5,1.1356687014458719e-5,0.5033244179019817,-9.010666337793603e-5,9.376251724288874e-7,0.5824424976748065,-8.013115391832619e-5,1.7759695739950279e-6,0.5505664670656554,-6.430454868281869e-5,4.777838554303648e-5,0.43986207179071873,-8.709773464231268e-5,1.5602407208539683e-6,0.5544656312879124,-9.441251635828835e-5,8.693952348904983e-7,0.5981438827324674,-7.859517588938982e-5,1.2379683893458613e-5,0.5132287981981184,-1.1154718740862576e-4,4.789353417164005e-6,0.5453893092721338,-8.045987060161768e-5,1.1536598979302463e-6,0.5763548008205442,-6.10096888327148e-5,1.2055687699127579e-4,0.4155443753488873,-9.409630800559465e-5,2.229673174715408e-6,0.5564375949311041
boulder,BC_SW_12,pH,13,-0.003033422342040662,0.8193766439414193,0.0049479550439662425,0.007734708148994913,0.7740782780441624,0.007807375229400195,-0.004008423778600278,0.7614555075891142,0.008728136005955118,8.93309923448164e-5,0.1722593238176119,0.17773036608956663,1.4294418809545842e-4,0.4028311073932508,0.07090521637736019,6.167908097797707e-5,0.2775711912474118,0.11649814732185461,-5.005180912865458e-5,0.12489072465797754,0.2413393846580007,-9.282040376743065e-5,0.019644813175500743,0.4712903726114409,-1.3744032789357134e-5,0.673397132024939,0.020646414873356275,-2.6597154829104656e-5,0.485124513861768,0.04992567637963698,-1.5899035031859244e-5,0.763848791601986,0.009442576935758656,-5.087046703490349e-5,0.3155645466249725,0.10042324677990296,-6.967844111555216e-5,0.12933188431661966,0.23649107402350583,-1.1462747449294359e-4,0.062430899308185524,0.3343033288739022,-4.1395056460793004e-5,0.32265651456077926,0.10846883800003666
boulder,BC_SW_2,pH,11,0.0030682623185966486,0.8478578416425149,0.0043134317142053584,-0.010427226190475477,0.5543802721415735,0.04021146950528947,-0.003658901515150963,0.7818398335451753,0.008965580895416984,-6.548525657581395e-5,0.16497339355242677,0.20243395793487226,-7.777478377886203e-5,0.16989779757152973,0.19829272651305652,-3.509020657756414e-5,0.388957813107051,0.08344278788716704,-1.133807916523353e-4,0.05046391858412893,0.44275488680346026,-1.4149571366233376e-4,0.013389545149434724,0.6065862851030307,-9.445725530532391e-5,0.10532286849132848,0.3305867646766335,-4.210227057573326e-5,0.35305513852018955,0.09628431646378494,-5.267562637159367e-5,0.315110380358894,0.11170373802585563,-2.1937322954439464e-5,0.541317308257126,0.042864189263464844,1.2036569080784073e-5,0.7997999214653961,0.00851973606761166,-2.750533671101323e-5,0.5162452652656111,0.054502859042151984,3.821964842082456e-5,0.49801342156550765,0.0592401222849521
boulder,BC_SW_20,pH,12,-8.656494986231219e-4,0.9512174150554287,3.9335435228541617e-4,-0.016319260226958936,0.24454201382741417,0.13260880213141354,0.0050236147186088955,0.7435855214878639,0.0111841345612753,2.4451807376875412e-5,0.6158056817636084,0.02913641010059547,-1.754770878463958e-5,0.7007936062563423,0.017189613325021974,5.419579029996666e-5,0.344026741541009,0.09976835764039767,-7.119046785198263e-5,0.05381108317820818,0.38944450485365184,-7.09359209422943e-5,0.18306440182709727,0.20983941971837244,-8.046906976160625e-5,0.0372378519901321,0.4375874999308252,-1.1852187691954766e-5,0.7702765752556927,0.009964302622201935,6.009461223806286e-6,0.9446125419136095,5.666997033195653e-4,1.6041542786182968e-5,0.8102642472364823,0.00674657235441805,-4.0439324832739256e-5,0.26678291143050736,0.13474716283881977,-1.0530030450774394e-4,0.04592174938090456,0.3730581182482853,-5.91033993080256e-6,0.8616534467383306,0.0035603966547651227
boulder,BC_SW_4,pH,13,0.0020228706609533007,0.8926441107808979,0.001731199218456451,-0.0011419152276260322,0.950294269298798,3.696028773177958e-4,-0.012535468697966934,0.2704657880579764,0.1090550185041768,3.764139000658888e-5,0.4712724570123187,0.05308178814158755,4.1926742590413455e-5,0.41489498572632566,0.06747016975728051,2.6635425068620837e-5,0.6161799274276952,0.026064715614694516,-1.0743387674588815e-5,0.7289875905424404,0.011354339813177987,-2.0088523991047893e-5,0.5859908948737467,0.02782291213465805,-1.4258605373768199e-5,0.5902501660478747,0.027203653254941867,6.980599869406127e-8,0.9986415647720972,3.0470322830519177e-7,7.230323857741297e-6,0.9002253761629146,0.0016510124975686376,-4.2112372224717025e-5,0.12708625928904815,0.21684801675939672,-3.280001619972759e-5,0.4131760290736849,0.06795136299667616,-5.310627616570144e-5,0.3695686298326729,0.08112133732654653,-2.2115076906901302e-5,0.4868869635449242,0.0495339660076226
boulder,BT_SW_0,pH,12,0.011656699391628746,0.2087326840591971,0.15294329321793393,0.01677307969808126,0.14486409906825934,0.20005636289672005,0.002396912462538194,0.8155667262383426,0.005702599114050459,4.8523723666204485e-5,0.07874277902289427,0.27705926694118704,5.087272297766999e-5,0.20425077168189326,0.1557412796263923,4.2404076211913275e-5,0.09200319897971601,0.2577297047920585,4.942678979522386e-5,0.1714796746834469,0.19698708576673576,5.6502198198540474e-5,0.253245528505068,0.14203215674922756,4.507830571894467e-5,0.10824261389145429,0.26105303652826345,3.53881324089255e-5,0.20930028858835067,0.15259336173476895,3.6848449142811156e-5,0.24612812149314597,0.1317824178215982,2.8057477141462208e-5,0.47623075121173675,0.0519360927673697,3.966219299023773e-5,0.16549591586828452,0.20198890863393085,5.8964527981629615e-5,0.06234021247073435,0.3344905823057858,1.340322694936837e-5,0.7135655471803294,0.0156990313994587
boulder,GGL,pH,13,0.005365500315760226,0.48139206542642987,0.046054099151212315,0.012435109319864317,0.3476205594940336,0.0804670317064779,0.00335843799058072,0.7039641897075612,0.01364042563227312,7.355632892351496e-5,0.11138857637885562,0.23364145647490095,7.036463403826093e-5,0.1256129278898635,0.2183384750558806,7.878377980911106e-5,0.10753449680348413,0.23810320021018586,-2.0605079697951445e-5,0.4865133072676847,0.05526863717903447,6.454012784535706e-5,0.5831130769276482,0.03475358380337656,-2.4669919988926386e-5,0.15892555405429454,0.20768629137842348,-7.5056680850271e-7,0.9794724383176547,6.959117299789074e-5,3.414323320703002e-5,0.47998114873048814,0.051081402233814695,-1.4955447047381488e-5,0.5662476867026407,0.03398788892400922,-2.148956494015783e-6,0.9392009002900491,6.113656888766432e-4,-4.628912833814183e-5,0.28720728297927306,0.11219438865096366,9.390888426146827e-6,0.7456612015468225,0.010998374967497336
boulder,GGU,pH,12,-0.009970618706083081,0.38171724813846697,0.07725716117713355,0.0033642357642313593,0.8296587821560615,0.0048534754652837684,-0.009693807581309145,0.2679654412632853,0.12095735783327209,4.147529366697575e-6,0.9098944634291465,0.001345424890970797,2.3523396485136323e-5,0.505127867283995,0.04560581289165579,-2.1863404644232157e-5,0.6185126069326872,0.025725895037200543,-4.065893755679351e-5,0.31098711914600263,0.09299936986448575,-7.072747913486338e-5,0.14687018122898837,0.18130292984695173,-2.5345319699419402e-5,0.45977417426701517,0.050645515460105595,-4.0535442326673835e-05,0.21133463185141715,0.15134716566630446,-6.092551704117628e-5,0.12043267112308224,0.2237134936286487,-3.0857725201129826e-5,0.32148031609807665,0.09812196980950944,-3.241057563102226e-5,0.20238802785711144,0.14315550990778733,-3.212394031946635e-5,0.35557103788285427,0.07795917109097332,-8.13536954416287e-6,0.7153337727106106,0.012572781882545073
boulder,GGU_SPW1,pH,12,0.009036186145812697,0.2693958511717506,0.12028222133276349,0.01636279553779853,0.09860768510484103,0.24903627177326992,-0.005241276778775791,0.6012664748070706,0.02829518184791197,7.492182212007084e-5,0.08899981158467675,0.2618740242458426,8.527716996286723e-5,0.11463898458919976,0.22998919272045323,5.289175117853681e-5,0.24988927266814298,0.1298454617947512,7.789318717540103e-6,0.7299797503462004,0.011268473720491853,-7.737831616368914e-6,0.8334695051768934,0.004196518472215367,2.2046423027325868e-5,0.3334210394089808,0.08512678304579079,2.3159116876000627e-5,0.3841676497545975,0.07649679212218151,3.201026114324783e-5,0.1530958339499254,0.19294260880301098,1.3230751989090518e-5,0.7428356708775368,0.011251658374959261,1.0245884011666353e-5,0.7559285290021898,0.00914875086890987,3.8246260477257225e-6,0.9035381470104182,0.001396273649155741,-1.118910408316746e-5,0.7788076308569022,0.007476533739717232
boulder,GGU_SPW2,pH,12,0.017657121644874867,0.047827708376011,0.3369558713431548,0.022188791208793485,0.0035369937491708044,0.589700698400987,0.0030454961704988893,0.80082082366182,0.006668021311673161,1.1493486759443758e-4,0.0017247830940285882,0.6422381818579336,1.1433666438915842e-4,0.01966090312279633,0.4348239789002623,7.311444346028269e-5,0.029108561926775193,0.39310909360822344,5.287874936710128e-5,0.13640592981136493,0.20778392912308535,3.25251340169052e-5,0.46478712834923497,0.05460783921133483,5.513605304889674e-5,0.15022357278567633,0.19538175706359087,2.774355114875675e-5,0.30704194099879434,0.10382874767605059,5.358398265544476e-5,0.005916481126342464,0.547791999400375,-9.323060620562374e-6,0.8794367155747499,0.0024155995729207686,2.9137994608638135e-5,0.4619653377600418,0.05528172437650885,2.6599773980335938e-5,0.32365386903355897,0.09728893345193922,1.3628649791698812e-5,0.7968306043581282,0.0069429342940164635
catalina_jemez,HistoryGrove,pH,13,0.15048115674005266,0.025390629478690627,0.3777963206688105,0.0984930383662729,0.1454382906336874,0.18246811280998065,0.16719070583006818,0.017729424890537717,0.4136108964793818,3.021359544519437e-4,0.13327453974746506,0.25871785747753817,3.337076917817875e-4,0.11679848014582962,0.2786705589821389,1.9258258935856025e-4,0.33345113743083704,0.11694479221003336,0.001548308481075806,0.13465680175272374,0.7488188507528246,0.0016760570009766882,0.10915930839388058,0.7935971378212694,0.001450940638067761,0.1588921918244318,0.7074623449739083,3.9737057702793647e-4,0.04462212783038669,0.37659589064826937,3.1446154256144286e-4,0.17942918663418306,0.19059838647349864,4.4447421162839627e-4,0.027194642187519158,0.4352482055820504,4.3215339753323984e-4,0.0477719264339854,0.4053452038386136,3.1586630600433655e-4,0.1704349334534977,0.22093139179174023,4.7415575292519206e-4,0.0340606499790147,0.4487873761763969
fernow,WS-1,pH,38,0.005608171845833692,6.296135600529401e-4,0.2803804469429664,0.009114079086650012,1.12374131234724e-5,0.41896416982934626,0.004888990708019056,0.01692213732392471,0.14840312438066275,1.4294816279651911e-5,0.005672440953654252,0.20412528695547943,1.7855943458202643e-5,0.005373837035502991,0.20643927005977952,1.1704328355708134e-5,0.060210242244836926,0.10003092404567758,1.6413962405044415e-5,1.423545498106422e-4,0.3424179460819217,2.662557289511164e-5,3.804561714724363e-6,0.4613185107738921,6.084088629631976e-6,0.21726835816222023,0.04315925392433619,2.3580686048025946e-5,3.274496267013449e-5,0.4424653916190171,2.594014003018021e-5,2.665770018471219e-5,0.44979270839994573,2.080556086824698e-5,0.0013824734668004615,0.2928608402200049,2.3422875441718345e-5,0.002443530819016923,0.32320229172219456,3.107661150710082e-5,5.41960967224177e-4,0.39866097056930144,1.4872186565055547e-5,0.0751465141927936,0.12601989831324262
fernow,WS-10,pH,37,0.0017034304148994435,0.2400731773283794,0.03920924441826162,0.0023992111255270424,0.16935344238928357,0.05326336405599876,0.0015729628558576202,0.3437284208152469,0.02564665668315168,7.001253438265251e-6,0.07296815185981281,0.09416444440792666,4.665381743560785e-6,0.3331243119743904,0.028406237097895793,9.16596260889436e-6,0.015817931158525648,0.1639835600649216,3.256790944620691e-6,0.30421406770955944,0.031015432019758146,2.916832767052777e-6,0.5518921501205104,0.01050840577065015,1.164444666233591e-6,0.800907589540584,0.0018962248085777702,1.0307535496318767e-5,0.06250399144891326,0.09836654992386254,1.4723642057797028e-5,0.01865137088743758,0.15222422642135033,7.060557913859413e-6,0.1988430517392279,0.048076544879433226,8.498276058235474e-6,0.20765419737565108,0.05417326583338595,1.4793504007681489e-5,0.04182863715774583,0.1352238026923271,2.353010092488669e-6,0.773108186879567,0.0029119091463318467
fernow,WS-13,pH,37,-3.0520186625528767e-4,0.8452018477553358,0.0011042076248878347,0.0022070693018062,0.380385591334945,0.02205330345251828,-0.0023767396662134053,0.23166379400927,0.04061298824796352,2.533018904871113e-6,0.5562064013484951,0.010283248482902626,4.0563223882266736e-6,0.5982235436744645,0.008253801495006104,6.386024275382932e-7,0.8758093283274645,7.28745795995133e-4,-2.7703387589420025e-6,0.5520167606862453,0.010501856661685306,-6.577877754367464e-7,0.9417569458515211,1.5931358299883019e-4,-1.035667563962452e-5,0.09626191344411669,0.07924537404272977,-1.7941749318369102e-6,0.7124428807232441,0.004046517778829489,5.509355979264448e-7,0.9169387353812994,3.2458356964072064e-4,-6.504178658827448e-6,0.35707610179985105,0.0249965876517066,-4.947253102867079e-6,0.4181684650862141,0.01996304118013057,3.2241627591107353e-6,0.579143772664166,0.009419381638117156,-1.0676941879173582e-5,0.15646624177442242,0.05990465742025904
fernow,WS-2,pH,37,0.00659311050394154,7.152066174554807e-6,0.44214079497350045,0.00764333271241183,1.7167258186892371e-6,0.4846136001440508,0.005986518520400171,2.116720938308641e-4,0.32805593423526525,1.272060225158645e-5,1.6644524471856758e-4,0.3533191520205988,1.2731856300304131e-5,7.327333572473958e-4,0.29580745232073213,1.3963881294679906e-5,4.535380343279695e-4,0.3148794227346843,1.0862342737947642e-5,9.748493384890424e-4,0.2702527137824063,1.5912556507535322e-5,0.003285141924193904,0.22150185329306435,5.3007232529996174e-6,0.25976813829719747,0.0361367680290651,2.331723596429651e-5,2.1319549104834255e-5,0.4166175536020303,2.567269130598436e-5,2.1022825294470455e-5,0.4170814187753587,2.4436190108950427e-5,3.622946128937711e-5,0.3988175779280802,2.1547677178372285e-5,1.3988927967142537e-4,0.35122154344481543,2.9474934896517724e-5,8.012220201783496e-6,0.4481997314531742,1.4045854742040074e-5,0.019063768066783757,0.15125608576845315
fernow,WS-3,pH,38,-0.032907558461021835,1.5499760022011107e-17,0.8701651616936144,-0.03391086408849593,1.5825362134409683e-16,0.8523566515544447,-0.03449308549440156,4.241399574754756e-18,0.8791517635575274,-8.793505593004116e-5,3.639286296536123e-16,0.8535067456166665,-8.328763888852835e-5,3.476306781032097e-15,0.8334491521924852,-9.411035129930466e-5,1.1875939879386868e-17,0.8794320124378826,-8.582864101000401e-5,2.4417423347212576e-17,0.874381844190743,-8.696314490936946e-5,3.704667734796643e-15,0.8328457766592124,-8.888503508044562e-5,1.8983085470162814e-16,0.8588312308106302,-1.0354013889618588e-4,5.845493327233434e-17,0.8679826846972812,-1.0588993721656595e-4,4.385167123389307e-16,0.8519449709243563,-9.970993336904106e-5,2.003612672251855e-17,0.8757880534104476,-9.579488626548885e-5,2.0516496633835825e-16,0.858205971004678,-9.732886041484399e-5,3.1302556336478393e-15,0.8344388423832688,-9.204803762532593e-5,2.6652634818542748e-14,0.8130143193790744
fernow,WS-4,pH,38,0.0012504208588893255,0.188056775636869,0.04763123067626201,0.0019220141700404935,0.11111169958457558,0.06899384566520622,3.4993067989018585e-4,0.69187368272263,0.0044141190974382235,2.92456276784515e-6,0.29844125302229857,0.030847306310159604,2.6759941964251987e-6,0.4646393350072765,0.015377057611829018,5.442561108658138e-6,0.09270370877276862,0.07865353552225184,2.4895733192770165e-7,0.9281614717296931,2.3555637096688562e-4,5.0833569216560755e-6,0.1899227983757447,0.04857569905154652,-2.761141604501695e-6,0.47633641898895307,0.014593253504442665,3.82363174885227e-6,0.21845465992386404,0.042942146524701796,5.141861890922757e-6,0.26809340731780323,0.03492048463382562,7.899427821932753e-7,0.8185793279811485,0.0015236546434086475,4.1696872985367414e-6,0.3547577054307923,0.024513392208919623,8.605798589686716e-6,0.08108148294858676,0.08441020761231485,-5.386074532178478e-7,0.9165092661630908,3.184580141103878e-4
fernow,WS-5,pH,36,0.0034427845743850377,0.056863869621709494,0.10257814844299798,0.005502187922629359,0.006823992610322682,0.19618468808039274,0.0034095878702613143,0.10840547378203355,0.07403498706568493,9.306183368827062e-6,0.034367966765376026,0.14074099272680826,1.216778844712881e-5,0.03510127980043578,0.13969054382632518,6.197031412987875e-6,0.2332219930426318,0.04702135550529655,9.227072475099042e-6,0.02336037811243743,0.14627780345809668,1.3565108175051935e-5,0.060462666373364685,0.10275185802667827,3.164034831994222e-6,0.48484927147991663,0.014899254833541044,9.358633722098882e-6,0.15069530495962705,0.06344583835363894,1.2330040226114966e-5,0.17295829462755322,0.057240414139912044,1.0862699752003837e-5,0.08952990120031572,0.08743417191999821,1.4562607287346779e-5,0.021926116878156137,0.15351347007238245,2.2167366040614055e-5,0.008503316623751025,0.1972620854395473,1.4441738234206441e-5,0.06151720533768839,0.105020010426703
fernow,WS-6,pH,38,-0.01129703939671526,1.041906469077959e-9,0.6492817228958424,-0.009336798597324964,4.126768735200243e-5,0.3770402447420582,-0.014374758301479018,2.253432365648853e-9,0.6341460872104328,-2.600705914990063e-5,4.0583853720031437e-7,0.5244159665720828,-2.3567046576572755e-5,0.006710272265911388,0.19179163809116748,-2.7334544035274817e-5,1.6413289689490732e-5,0.41593138184636314,-2.9744372999441953e-5,4.8005490053803296e-11,0.7140179598538396,-3.2974597776961984e-5,1.810578019133221e-8,0.60043651756342,-3.4687561212027495e-5,1.474196126427487e-8,0.6050231004587164,-3.740998397727202e-5,4.602085819922281e-8,0.5896683896609907,-3.177185588127282e-5,8.115921921527926e-5,0.37079427213977945,-4.081979692956025e-5,1.1435109783501376e-8,0.6214037200288656,-3.308538362528195e-5,2.2911027120241414e-5,0.45513148757972416,-2.2187225044831955e-5,0.009121170964000348,0.205756209166571,-3.878275830568825e-5,7.053108448951973e-5,0.4143287851820654
fernow,WS-7,pH,38,0.001359642679151555,0.2690990350433444,0.03381405417002015,0.0023860976756219726,0.14378146142157092,0.05841191457296562,6.32350206236847e-4,0.604712106141315,0.007518587906269839,6.63425498705941e-6,0.060999371300140784,0.09671398048252869,4.198289693530664e-6,0.4388844355856484,0.017215934948735277,6.856644623257791e-6,0.03849779670834932,0.11671747946859204,1.264974356756179e-6,0.7108470774679755,0.003975186705592031,1.4898222710587156e-6,0.771331189387504,0.002445094441372701,-2.14384120657781e-6,0.5726477265888239,0.009181803250084657,4.756550799406442e-6,0.2089057703939235,0.04472936222232735,2.7862116312015655e-6,0.5887885095335077,0.00843398795277104,5.390930435460921e-6,0.2841102554962303,0.03270417709077309,1.1358029031154527e-6,0.8349650191791911,0.0012571836874134283,4.0560455813117385e-6,0.4967011930921572,0.013299798399199193,-6.291638420520913e-7,0.9217400129259732,2.796856312205775e-4
hbef,HBK,pH,49,0.017732753457263162,6.5993827370881364e-12,0.6368204709487776,0.014735018928633709,4.143333025042757e-10,0.5678505923680774,0.017299960641399416,1.6685348061176495e-7,0.44486729575486295,4.231055820185189e-5,2.9671530935237275e-11,0.6210994279788845,3.230234133518635e-5,1.9054612003297603e-7,0.4488960417057944,4.507863781328305e-5,5.969365387171952e-10,0.5690459452378744,2.9757664453750423e-5,5.240259872369337e-5,0.3019063025542927,1.8003024212177097e-5,0.05498870452640457,0.07773401913002835,2.92625476886081e-5,3.05524924828356e-6,0.38027366867741264,3.0840242184744863e-5,0.0016114994619356169,0.1963158196716927,2.8273598272285535e-6,0.8210661797378566,0.0011235768146180688,3.9228752849636715e-5,8.726427781562638e-5,0.28695089660821127,3.900710512587527e-5,3.387587772269548e-5,0.320269945709184,7.415906152196159e-6,0.5119341790225345,0.009618179082063536,5.777024976448355e-5,6.836013842919673e-9,0.5295428930790896
hbef,w1,pH,58,0.01682662504423223,1.1250632329150223e-16,0.709839780681819,0.017743442962483723,3.394391267769656e-21,0.7995177312599033,0.015827135743910193,6.029286256560575e-11,0.5374007461652466,5.0000687475800506e-5,6.581223967271608e-21,0.8065109770304687,4.979344128029863e-5,7.448874705730551e-24,0.8493615269426908,4.9118980084011744e-5,9.583733213305259e-17,0.7245597300983374,4.587751721448174e-5,2.0405532388395924e-17,0.7333066359690679,5.261600079227635e-5,1.1596166330190698e-18,0.7595698812074175,3.916414488146339e-5,3.235565977644135e-10,0.5155958966584577,4.9416666075829416e-5,2.8410120807050086e-16,0.706691883963837,5.1090259794750085e-5,2.5926872998427412e-18,0.7524717124292141,4.563688104901017e-5,2.4788873271199175e-11,0.55819995699776,5.062153277813162e-5,1.6861266046033905e-16,0.7187754039670933,4.9859672507160276e-5,2.2644289709534017e-19,0.7795510774362624,4.690463915135749e-5,1.9082856844912733e-10,0.5312205868974563
hbef,W101,pH,37,-6.686706757529976e-4,0.8078267776779089,0.001713162270822002,0.002121338661408816,0.4958407575525883,0.01335268741446785,-0.0040813850266079674,0.14688935738522613,0.05915997829825716,-6.859663863473449e-7,0.9260402773007476,2.57162719716841e-4,1.0005600456581719e-5,0.20611788152977734,0.04658772649090458,-1.1239665546957366e-5,0.13105310484999988,0.06578244096346357,2.5902287844721667e-8,0.9973831442702655,3.0297690206424667e-7,1.1769701614684415e-5,0.18943697171383259,0.04734191624091026,-1.3410256400353711e-5,0.08929799638930577,0.07808998032429647,-1.0671753428218638e-5,0.18341001409260319,0.05298879696192811,-3.4267248400465276e-6,0.7053336570338375,0.004389260570219207,-1.695581454162823e-5,0.039219895896803914,0.12258253890566609,-1.2367293957374044e-5,0.12696032237476898,0.067155815735134,-5.589324406739763e-6,0.5291030105964014,0.011753193366877966,-2.0085598571127446e-5,0.024170454752057736,0.14072541799330504
hbef,w2,pH,59,0.00997200490570038,1.8123065702296104e-7,0.38223339638514564,0.011412090883579182,1.9183925418338e-8,0.42799431704016727,0.010031713283794005,1.3786717112383987e-6,0.3379594776148006,3.260556577264202e-5,7.508421572651469e-10,0.5007858409170809,3.6358733520996805e-5,3.859738271036121e-11,0.5511266731123382,3.1477584481390164e-5,3.924393535711312e-8,0.4251367988322851,2.90284806816185e-5,2.07254763900829e-8,0.43218539198297923,3.3116516203788535e-5,7.037823852686298e-9,0.45323971024598153,2.247649354234074e-5,6.233947536174789e-6,0.30769000049497625,2.8555201172541397e-5,1.2354510251032366e-6,0.3453494508943676,2.9836038592289222e-5,1.1206491141871924e-6,0.3475579034958708,2.8891100273909834e-5,1.2657794009695779e-5,0.2906077978107074,2.9580694656825705e-5,3.798758416787906e-7,0.376927899950158,3.1908340191832956e-5,6.002553649021347e-8,0.4163882225632316,3.322468323412509e-5,4.793003180678781e-7,0.371782208117009
hbef,w3,pH,58,0.014932837931568221,7.517901439582914e-19,0.7570966881529125,0.014423127036349244,3.839792157076185e-14,0.6432366238614845,0.016006040784225756,1.4436115808165506e-15,0.6823655624150453,4.460186742086926e-5,4.8884080101385566e-23,0.8385273168693554,4.035091980914283e-5,4.5692930920141855e-21,0.8090972595751111,4.816918068778811e-5,1.1769180424919523e-19,0.7848044930214534,4.475903342454843e-5,5.151998490238782e-22,0.8181777623920378,4.910969468726253e-5,1.7147069747306868e-18,0.7561447648464548,3.839201009250252e-5,1.7926253372820754e-17,0.7345521403577553,4.380170999132425e-5,6.542252260780807e-16,0.6977258531874595,4.117318662899645e-5,2.588087357262828e-12,0.5926306410659675,4.374612945798921e-5,3.087739799636811e-13,0.622618311873349,4.701342460794282e-5,3.5047025712491395e-16,0.7111049437733894,4.309806298922527e-5,1.933439409810335e-16,0.7173560682333506,4.645993224305384e-5,2.917276720823676e-12,0.5976419108158232
hbef,w4,pH,58,0.0057773269638102445,7.632267950053758e-7,0.3561892724128324,0.009190428466026702,3.185709271370281e-7,0.3754306523111123,0.005404790463218508,2.6849503257220407e-8,0.4270251101773127,2.5506207103704082e-5,8.9918717317563e-11,0.5439176514334353,3.2368544337684484e-5,2.6980010714794413e-10,0.5252621638884603,1.725549185586068e-5,4.306791511842777e-5,0.2684883932962567,1.548439538335246e-5,1.0233756696713596e-5,0.30028734257114564,2.0745256768656232e-5,9.716416542197136e-6,0.3015576853079468,9.812170299025841e-6,0.00096174669287387945,0.18123433630689753,1.8719400334748958e-5,3.252881327102305e-8,0.42896046819950245,2.349631224522454e-5,3.6569769632615492e-6,0.32510625369190743,1.2294970113126474e-5,5.545059866090296e-5,0.2577889886773235,1.7686852123582724e-5,8.441584271680056e-7,0.3643919263404804,1.8461886447714147e-5,1.0191199426344556e-5,0.30504236400853046,1.4944431180701584e-5,1.020190827141795e-5,0.3050163211406322
hbef,w5,pH,58,0.01368937083905268,2.71359107246255e-13,0.6176929509677449,0.014586974518618711,1.5148511991106191e-12,0.5937488282139365,0.01582150211039809,9.7135394215691e-13,0.6000739298851694,3.807746366330003e-5,3.7532368326067926e-14,0.6569861820053221,4.206671378803121e-5,7.311548045840274e-18,0.7494488197770149,3.577778854937874e-5,1.4368529924510735e-10,0.5360484396277895,3.811383590436407e-5,3.2703737587777083e-12,0.589190770594144,4.36694286050776e-5,8.214671294499808e-12,0.5753719827150372,3.0285109784821878e-5,2.978551302010182e-10,0.5170287861534544,4.29287398230783e-5,9.527820671080742e-13,0.6070060796962243,3.700215963795964e-5,4.891776732078278e-10,0.5083778562223763,4.100705017422794e-5,5.274411964171297e-10,0.507051566421934,4.5486592846677164e-5,2.2902468551819547e-14,0.6631492695322642,4.097988245830281e-5,6.208463927788615e-14,0.650592226412075,4.937681187855818e-5,1.3590550181114954e-11,0.5743411566718634
hbef,w6,pH,59,0.011874070901169244,8.529638814641487e-19,0.7498494262841748,0.011413293813141948,5.095851810298738e-18,0.7337548862426498,0.012629887771005589,1.058734447590221e-15,0.6793434367564712,3.286692743752822e-5,2.387974038750196e-20,0.7851177302980541,3.148104021793357e-5,3.2152790926071745e-22,0.815638943683071,3.4631823478095034e-5,6.311039897403592e-17,0.7157293975077429,3.150110871085651e-5,3.4679532099510883e-19,0.7636820036634944,3.5824214836626985e-5,5.032808920922472e-17,0.718002653173525,2.9516045160650027e-5,1.4293966542160233e-17,0.7303208544164982,3.380862360573551e-5,8.697331204552984e-16,0.6880183732333128,3.240223376232218e-5,1.6907324414979058e-14,0.6534439036857257,3.213385020663561e-5,3.192720827624414e-11,0.5476425664535668,3.610190893421627e-5,1.6050658379740918e-16,0.7126772403458617,3.3200545156373807e-5,3.793579460249298e-15,0.6779360362689584,3.815369591532922e-5,2.3947144776971863e-13,0.6260548643242545
hbef,w7,pH,34,0.017188861819712437,2.198950612994558e-11,0.7580336884655465,0.0185753731150934,2.191219588172108e-12,0.790259150004198,0.013797260220207306,1.5009614025238944e-5,0.4480313211920826,5.372842960057035e-5,2.6283751983303017e-11,0.7663395695921448,4.489961823666546e-5,1.7212536939910579e-9,0.694864064150534,3.929973466194366e-5,0.002024421430762107,0.26816072083152037,4.42649877008316e-5,1.348346466114047e-8,0.6403565093050233,4.830466618301431e-5,6.644472426763973e-7,0.5432943669208187,3.233074788856526e-5,2.2485105613341994e-4,0.35065971857162603,4.7142453349454165e-5,9.755630897919406e-8,0.6178803109045743,4.98073557761119e-5,2.920179979144271e-6,0.5230877480440569,3.7683220202215645e-5,1.0723251418762877e-4,0.39842507332778215,5.6895401227004756e-05,2.7177028532283438e-11,0.7884237368440105,5.8767120268023684e-5,5.4097772295367085e-8,0.644996366808073,3.3818479712053176e-5,8.236304208518988e-6,0.5018274340837354
hbef,w8,pH,33,0.020786520028910446,4.743999401514313e-12,0.7905799439609539,0.015153069018169082,5.182206191885566e-12,0.7893922948234738,0.021045607573665394,1.5421999418309149e-6,0.5306110127307552,5.4614623669122296e-5,2.0762039102589776e-9,0.7155536528427648,3.866964107148727e-5,8.444528089025209e-10,0.7324676863868129,6.277655645739355e-5,2.4693202414199855e-6,0.5404951932827039,5.301906039256532e-5,2.6804974422747983e-11,0.7772404886064859,5.3895703645556465e-5,7.451148642408102e-9,0.6771962680176536,5.0602633238387536e-5,1.3640096284888208e-9,0.7113115783010149,5.411902047794245e-5,4.6796428551166396e-7,0.5891995540231536,5.001571475264813e-5,1.0934858297013635e-5,0.4922926411903475,4.609244644895889e-5,9.936282199735839e-5,0.4120089727199862,6.850722690092107e-5,4.4890652859323456e-11,0.781038156373342,4.924240134750013e-5,5.846760591710973e-7,0.5829798846238873,6.352475533111525e-5,2.030024271555338e-5,0.47087888957991436
hbef,w9,pH,27,0.017260338498886155,2.2560123571906565e-10,0.8054979371294747,0.011790961683818576,2.2306530906674717e-11,0.8381318673534878,0.026572203810298494,6.812876726627598e-7,0.6339272994800494,5.2222352616180025e-5,1.1247026114575811e-7,0.6822196899264102,3.6094507454981034e-5,1.9683558158065527e-10,0.8075906042827674,8.964072728345441e-5,5.227281285722358e-5,0.48676489533814804,5.4926283020051306e-5,6.3066058494400135e-6,0.564396257622845,4.2196624696119236e-5,1.0951898276236449e-4,0.4566834776670033,7.385191353990463e-5,2.2581595088487293e-5,0.5190194354643025,4.081282825573399e-5,1.0792969211079418e-6,0.6357633066401213,2.085902525966743e-5,0.005746043022035028,0.2770012419260775,4.4256511997700744e-5,4.492839565814482e-6,0.5909044702576629,5.4170589697610605e-5,2.7300985345634314e-6,0.6071468313571009,2.2463456713750225e-5,1.8875762017268568e-4,0.4470183944791774,7.950438590374238e-5,1.042934754477857e-4,0.472639926327466
hjandrews,GSLOOK,pH,15,-0.004320728291316459,0.14123478171246806,0.15879440436280814,-0.005857142857143103,0.1670368223950963,0.14148243743687694,-8.035714285712514e-4,0.8953364811011707,0.0013824664566986003,-5.637063724277461e-6,0.4955754942824149,0.036437290726559796,-1.398193199444788e-6,0.8944962944144613,0.0014048662917862452,-6.960137358414479e-6,0.4236504502183658,0.049877018328500645,1.3366566956802089e-5,0.38936352358837323,0.05749631016834018,2.483752557702865e-6,0.867526776877914,0.002221540356074456,3.223685373904624e-5,0.25023810803906665,0.10024846706645128,-6.626357513522753e-6,0.6056843829569556,0.022884898676879477,-1.673591684294094e-6,0.9014346632850517,0.001331645708252272,-8.474561114594849e-6,0.6053497353868605,0.02292691481707372,-1.952311618246172e-5,0.14539472918396965,0.16810156571096826,-1.6800399597290785e-5,0.2571817494827189,0.10550018656124613,-2.3689524568108074e-5,0.25207155421794275,0.10766556795085089
hjandrews,GSMACK,pH,34,0.0036265033985070803,0.004727698320333686,0.22371922363708743,0.0028086001324797295,0.049670722310530935,0.11508855182712788,0.003926098476484916,0.009087265578627175,0.1942339461615247,4.8971264922105665e-6,0.10731132439113986,0.07901368885184146,5.952083551622592e-6,0.0829019839829712,0.09102574339175909,4.962812414746803e-6,0.11185521297189695,0.0770953864376691,1.0893581883855982e-5,0.08169403568953386,0.08902103706564517,1.5382690338178355e-5,0.3989522167283822,0.021650739029900518,6.072290002931145e-6,0.15609413187831353,0.06000911084554757,1.2920255694358871e-5,0.007577385426635783,0.21463183305133493,1.0421190875140921e-5,0.03749818030985334,0.13640234833849818,1.2823560564190954e-5,0.02711415950021262,0.15251395030323686,8.235756023803137e-6,0.0532698196682864,0.11523778038377915,4.162959387524715e-6,0.4521767831357262,0.01835726546220103,1.080771714388944e-5,0.0042636682128495305,0.23483861785032256
hjandrews,GSWS01,pH,17,-0.005341895745226088,0.03911601273178302,0.25404150235663886,-0.005134803921569011,0.19298657534705235,0.11020612369935508,-0.009338235294117096,0.049833818927622064,0.2327596159396448,-1.931797381591366e-6,0.7748449855112948,0.006038238052017706,-1.6052356230104749e-6,0.875409547378895,0.0018180852357212102,-7.590599254892523e-6,0.3651552047075052,0.0588890351580331,4.127070770909156e-6,0.5828552486611085,0.020574679848660234,-1.5005598789769411e-6,0.8533677492525652,0.0023516528295602543,8.815231769115287e-6,0.3564514147039535,0.05691673783360964,-6.728757650196015e-6,0.4437272461164966,0.04248912511755198,-1.0996136575770583e-5,0.2207177056993566,0.1050388970555389,-1.0260786800977316e-5,0.33516232506010024,0.06643252939809317,-2.6314445030489296e-5,0.07416741884123282,0.2100910450191995,-3.0658181202422354e-5,0.008370032563378432,0.4018071780721847,-2.641695882409111e-5,0.3163496325798671,0.07160780583019219
hjandrews,GSWS02,pH,34,0.0031253140131652386,0.004388591270407413,0.2270323834809193,0.0026257930374623435,0.12173036431112626,0.07319476721920866,0.0027585780525500522,0.018194115759801774,0.1622163684889245,2.721496542591437e-6,0.3120279445055863,0.03294947623474926,2.7523001509776067e-6,0.36568388449522815,0.026467654255557617,2.413341533727177e-7,0.9425910816118905,1.699941266489331e-4,8.452490730370273e-6,0.038552140022589713,0.12702399340333342,7.3895396425237295e-6,0.1783420455710985,0.05587122859471954,7.363675139651506e-6,0.05393823271231165,0.11120699042139832,1.0514642295844274e-5,0.024519496289200696,0.15749429897433775,1.03975195550711e-5,0.02135464895542843,0.16431951044614831,9.494225553361525e-6,0.0682706734216624,0.10653475921781054,6.318840684072135e-6,0.02736675913314863,0.15205432706914657,2.7904649947408045e-6,0.38697830540247335,0.025046472410420666,1.0981473325135478e-5,0.0015918320144643072,0.28661122306491627
hjandrews,GSWS06,pH,33,0.005813795332715664,1.3769667932100314e-8,0.651715465002934,0.008384906520606862,1.755297380399654e-7,0.5907393889386677,0.002515907609581299,0.01261541827748382,0.1844758994744894,1.668568302323781e-5,1.1627115174193938e-8,0.6801787939702565,2.1765480635692903e-5,2.726883585671654e-8,0.6611164804167914,1.2885537717703725e-5,2.3378702063084864e-7,0.6080147589523507,2.239481927261898e-5,1.239668833234989e-9,0.6895353603454547,2.7062225298626038e-5,1.8340122034021624e-8,0.6334877879634254,1.357191190493757e-5,1.5242536559200647e-5,0.44751740022328523,9.501674326687834e-6,8.315685013914557e-4,0.3150217579303415,1.4797607905603268e-5,5.032391210097056e-5,0.42686408382865354,3.7856182392710247e-6,0.23834313374835503,0.046028217585814026,1.6454788579039513e-5,2.226014306503084e-6,0.5314193531374645,2.0692500254543808e-5,1.0233439504391727e-4,0.40021907269729395,1.2515880402243689e-5,0.00308002196424276,0.2567803776063722
hjandrews,GSWS07,pH,34,0.00720813530053686,2.0323512688796992e-9,0.6799223566387501,0.008806403068029474,3.9547951953554356e-7,0.5575437806683313,0.004460459447311483,1.407472191646314e-4,0.3685462892607625,1.4457961252726667e-5,7.95119701022979e-6,0.49110756189574756,1.936204781939043e-5,2.1588725953819987e-6,0.5323506742570745,1.0024704449629817e-5,4.085540539098395e-4,0.3450307849211338,2.2695357899728675e-5,1.9842459951614827e-9,0.6803948287861036,2.5289576010538866e-5,1.9757982252475514e-7,0.5759345547473428,1.8655024028570685e-5,4.380026833955897e-7,0.554773286432253,1.8744712387079925e-5,2.6948111126212415e-8,0.6365485753600268,2.2585982662181052e-5,6.218113186222086e-8,0.6167596175085781,1.0744112309409811e-5,0.00347186810606509,0.2441381080270883,2.1692051178498165e-5,1.1781498466383734e-7,0.6009325323507234,2.7572989231988116e-5,9.657971552843843e-9,0.6594759252092104,1.5728590196476312e-5,9.946761621003083e-4,0.29890133459291635
hjandrews,GSWS08,pH,48,0.0034123688782847377,2.578179127175281e-4,0.2542812124185634,0.005074532010407096,4.068355316455142e-4,0.2401630852422103,0.002036375787017017,0.012337289925238092,0.128548484701083,4.7761889529803626e-6,0.06167069250223626,0.07712503891189743,8.138995962263968e-6,0.00812378892449633,0.14872628232433233,2.561588236206467e-6,0.3652970886118948,0.018663439719684812,1.1680670026498288e-5,2.190396233974644e-4,0.2592745932559985,1.569553328975382e-5,2.1505130694787593e-4,0.2598358104749134,5.4971075357768395e-6,0.052738654663599824,0.07914649440806051,9.54226038083274e-6,2.26594741310413e-4,0.2631973671571141,1.3160640638179356e-5,1.1523770397376369e-4,0.28395395305461935,6.4327784054781255e-6,0.03765912900887059,0.09250898999754621,1.4431729381142792e-5,3.2526010722805658e-6,0.37863750512073613,1.8136096992766385e-5,3.954562176499952e-5,0.3100444061223787,9.633893497177566e-6,3.518300258484022e-4,0.2446818694414724
hjandrews,GSWS09,pH,51,0.006226531389463352,6.953553026345343e-9,0.4990560764351376,0.00845926570036313,2.1737499317709157e-9,0.5218709111536409,0.004619991919844951,2.205335180983557e-5,0.3099990354559763,1.5106703399714779e-5,3.2176926246180232e-6,0.3603665717433111,1.872387903751088e-5,4.3725091651272367e-7,0.4090196511264976,9.72473601399807e-6,0.006187848299754169,0.14315874092111175,1.5379268702655236e-5,5.165846024103632e-6,0.34264004995501607,2.3003703485625798e-5,7.853067893458457e-9,0.4895892485977802,9.260207499691684e-6,0.017607567522190323,0.10757893255902408,1.3348252462212368e-5,8.936374848499757e-7,0.39833512877466765,1.9160385815304312e-5,1.553831932375211e-5,0.3249052700346588,7.557359786719865e-6,0.010778771689070162,0.12789742376099197,2.1818037267239764e-5,1.3465936842319316e-8,0.485624323930515,2.3537628225501553e-5,9.319856998296573e-7,0.3909912637857962,1.8418647344121076e-5,6.265989822865836e-7,0.40051183350934383
hjandrews,GSWS10,pH,51,0.006608695963449307,1.2983015516887895e-11,0.6108817644341523,0.008206863242338477,2.6333237393054642e-8,0.47164081281160103,0.005170280112044865,5.8192588963975326e-8,0.4546385193490475,1.2973013526196082e-5,1.160134669068319e-6,0.3856800233545115,1.8473764211724993e-5,1.2722559065166825e-6,0.38342948902558033,5.652132090099458e-6,0.0379528386600197,0.08496723800681123,1.6885303040278386e-5,5.746464309991131e-8,0.4481967273532308,2.4070117501866837e-5,8.632218967262277e-8,0.4393478927514281,9.304882664823726e-6,0.014849531985669462,0.11296007658214662,1.8036530791763358e-5,1.3758786035660258e-9,0.5379703052074001,1.9669455708808357e-5,1.9147879809461463e-6,0.37949438262789514,1.6464397673690612e-5,1.3911746952462835e-7,0.4420948663268179,2.4565626421696073e-5,1.571450728748737e-11,0.6078743932159467,2.6784081172162545e-5,5.663549570382344e-9,0.5031572339812864,2.073293374590469e-5,1.4053095691071234e-9,0.5301673661060108
niwot,ALBION,pH,39,0.011968437402789078,3.9315295033715265e-5,0.3705069417975397,0.020366483527953064,1.3167410603096423e-4,0.3298569641185361,0.006913027695262561,0.002243381108441129,0.22567389026070894,5.595051406282156e-5,1.0555161062011202e-4,0.34509258072004284,5.571512560442537e-5,1.3521473682958079e-4,0.33642889448075197,5.389980835009406e-5,4.667945941034848e-5,0.3729294606391723,2.6204486450889293e-5,0.017987052192230832,0.14583316453060707,3.087566017732625e-5,0.00813867310490554,0.17896874106911034,2.128202446510808e-5,0.06684718438783693,0.09025770983113152,3.135388131670482e-5,7.386780688645442e-5,0.3655769009639,4.5986225425845325e-5,5.331646171767362e-5,0.37681357476456107,1.7479695749040377e-5,0.014692354361176198,0.15843867433690084,2.2033325518087736e-5,0.050220891893332155,0.10515598070361075,2.2991975719642107e-5,0.11101570253110365,0.07095704225994852,1.6794155589898508e-5,0.06458262158890037,0.09424000432288085
niwot,ALBION_INLET,pH,21,0.022830044918095253,0.005474926476384093,0.3406573990795125,0.038095825602968654,0.012463257357382003,0.286178062272074,0.009587479901051285,0.16557639175088976,0.09864781710676324,5.738022584204207e-5,0.1791090914342844,0.12502289411296583,6.129987667045544e-5,0.288486086456934,0.0799974681278318,5.0858990189865405e-5,0.12097873471731889,0.16297372866601464,6.518486876212008e-5,0.048216627382429995,0.6640796007625717,6.483816809313366e-5,0.049350210156916575,0.6604377668942151,6.553156943110675e-5,0.04711555324741046,0.6676649944355252,5.63946665242158e-5,0.01191356974619495,0.30294956272999923,9.663890017231541e-5,0.024017804883178312,0.2522819272907464,1.0859061601092912e-5,0.6170936797920932,0.014176457064327307,7.487793725292781e-5,0.06725447224981183,0.1835262073568389,7.663846711323062e-5,0.14365516437546916,0.12146201616793943,5.05521596674759e-5,0.11989298530681977,0.1362464814931682
niwot,como,pH,17,-0.015872717294759704,0.015050076503475257,0.3342976595293103,-0.010350894050802096,0.12041592711540905,0.15308969609919199,-0.018808904106514215,0.006960879053561918,0.39423520643305326,-4.581879996560101e-5,0.0801960167093906,0.2026190262563256,-4.4349947417069396e-5,0.08914245871388142,0.19246746293225386,-5.9306891802944376e-5,0.044119707086160094,0.25893387788344985,-6.649043960786145e-5,0.006345642762492762,0.42334136206616324,-5.239481445992285e-5,0.0607950313341927,0.22896874141031606,-7.586134389806585e-5,0.007177486538548362,0.4138432917218809,-2.6837718147017538e-5,0.22801157735736233,0.10195669889017346,-3.5439981527737536e-5,0.07179208921851012,0.21319521755734078,-1.431908632107122e-5,0.614606158366633,0.01859049704283781,-3.063312902384891e-5,0.21152266685578827,0.10908625605661014,-2.097478997324302e-5,0.4719691366963783,0.03756853074195657,-3.592978065951762e-5,0.13003108334711272,0.1559835012006267
niwot,FLUME,pH,13,0.01997717217787696,0.02021377672465795,0.4007295173561088,0.030481379731378797,0.005460527615739353,0.5192135127230502,0.014445682888540508,0.08769410663940774,0.24203486893839027,6.686881049787907e-5,0.19954956185291164,0.37073092881190833,9.666414152899959e-5,0.19242684384181238,0.38004629824481817,4.01965443940213e-5,0.31280368116216967,0.2497301825817045,1.2538236992024144e-5,0.9360092518663891,0.004094815846699083,1.9121263532489232e-5,0.9052169301733162,0.008983830325769947,5.955210451559072e-6,0.9688397638983159,9.709603139127392e-4,2.7615185583819036e-5,0.27183012072498,0.119142322423892,4.1689621403631303e-5,0.29576382820719177,0.10850706518001062,1.61830013219223e-5,0.5971625128290199,0.02892880061997081,3.583166725041144e-5,0.1888662225659107,0.18336507068824756,4.988906466164349e-5,0.10001165389753482,0.2718466668711263,3.5786538997212964e-5,0.21227730775680628,0.16686768129254811
niwot,GREEN4,pH,40,0.0053683353150870234,0.18284319184759182,0.046207966142344986,0.017431723357942804,4.354572210034945e-5,0.35939778062706296,-0.003871878766949125,0.3230240615035206,0.02570512835788967,5.357672799965439e-5,6.928131326493298e-7,0.5100110799833238,5.880150701019595e-5,2.2595229075769517e-6,0.47668091207137836,4.5437050704592684e-5,7.076979721240368e-6,0.44246664286478693,4.287745430780974e-5,1.3171866338282257e-5,0.4323610706415287,4.322100704601931e-5,4.7338542835145445e-4,0.30545730505223034,4.1916324680749995e-5,1.340516754531701e-4,0.3527731840152765,5.266125506559376e-6,0.651797789607182,0.005563117024771977,3.723198666080587e-5,0.0011660535106189226,0.2507911202255286,-1.943543660324921e-5,0.14143237184688956,0.05751161186102646,1.9205681267622146e-5,0.1840342115853255,0.047192014058858194,2.6202236966348336e-5,0.09950261056482261,0.07163390669039314,9.80521232773277e-6,0.44205585552591,0.01605799311809306
santee,WS77,pH,21,4.0756419774629586e-4,0.9396005636132065,3.1018354584768336e-4,-0.001883130108048969,0.7283623650241109,0.006496367437974932,0.0016028895760847506,0.8341070337088804,0.0023673381021623303,5.240077689518745e-6,0.8042769915066045,0.004535594738199164,1.4277195969078827e-5,0.4738580215631024,0.03725531689226787,-4.973131953543465e-6,0.8690905864860884,0.0020087087889787006,1.2995602202913036e-5,0.3687316307667099,0.04056938718979361,-5.045627355235572e-7,0.9694826373829115,7.502952992814701e-5,1.1172541958022347e-5,0.5891424037147774,0.0148416096774523,-7.974836910925004e-6,0.7523904529552977,0.0063975072769051015,-2.0159842636024137e-6,0.9315232325049229,4.760074401518452e-4,-2.415148068057705e-5,0.4368893721323106,0.038222125684872994,-1.4311864525315679e-5,0.4717829256849376,0.029141233452712977,-2.4021150334015713e-5,0.17247701391591255,0.10083504004068303,-9.205579320908439e-6,0.6629677838451584,0.010790292965253903
santee,WS79,pH,14,-0.047989372752225756,4.7958618201960105e-4,0.6519252126666303,-0.05069850505272483,0.004713814152544578,0.49946312684058247,-0.04098201297384581,0.002620660939813098,0.5436051144567107,-1.1855532057860325e-4,0.014890873564552494,0.544100784288282,-9.473245914863598e-5,0.03228276095644728,0.4554324481060285,-1.2447081838808368e-4,0.03391322906430082,0.4493274744459198,-1.3544701543589079e-4,3.976247508564898e-4,0.6318963792272169,-1.4539507418441478e-4,3.255043003560709e-4,0.642676874448824,-1.3627541723780552e-4,9.300135375369255e-4,0.5826158943514099,-1.3313186010679748e-4,0.01507996460388292,0.4991534589117365,-1.3314918259919542e-4,0.03154487083122619,0.4181480412947013,-1.5352165653531786e-4,0.002519519259894658,0.6557563697966858,-1.075648536536339e-4,0.015630808624831162,0.45810349503459996,-7.754796503106493e-5,0.041687407560679825,0.35286052776379534,-1.026968920473049e-4,0.04115501581267293,0.35433419934150007
santee,WS80,pH,21,-0.006500266925251226,0.4303613553481199,0.03304045468443991,-0.004744158578641026,0.6260691128872761,0.012747019890965678,-0.0053368491583043525,0.6072465881197574,0.01417421683429543,-2.442744765242431e-5,0.30587230081918765,0.07465517057146717,-2.1171641230865827e-5,0.2930125486174955,0.07857066584685798,-2.5560982108523093e-5,0.3400605129058488,0.06514367989167548,-1.909393215894542e-5,0.42515594348579466,0.03207764356895437,-1.0799554757942557e-5,0.67913104095996,0.008733247199453453,-3.0211725976043965e-5,0.22379630733860406,0.07304765314952619,-2.439028152545828e-5,0.32334947337390474,0.06094625910889571,-2.6730694405962856e-5,0.29651743045399015,0.0678480216933191,-3.5344433796966134e-5,0.29187824726163125,0.06911771457542491,-2.388508671333578e-5,0.2577329589706886,0.07053989662047667,-3.4617143815894914e-5,0.14476133550130324,0.11435191996931204,-1.6735881728678075e-5,0.4506988971516783,0.03197025030052533
suef,GSCC01,pH,12,0.0282594975941729,0.02016641644113888,0.43219741561132663,0.051582840236692774,0.02458612745998583,0.41135109701046557,-8.224729815684962e-4,0.9615966787788953,2.4367927565275538e-4,8.835763359653542e-5,0.02513984299238414,0.44413596560582447,1.1691441319201516e-4,0.009972340719704768,0.5401755394977911,6.441509914258623e-5,0.16118912324692705,0.2056983011759248,5.681299175826935e-5,0.1430521703517199,0.18443499964251622,9.83368370962535e-5,0.09359833363666266,0.23445454567085583,1.521987993447165e-5,0.6962417770820144,0.014393565780375876,1.1409165106577616e-4,0.053485291495731654,0.3540238845880988,1.2313115590183022e-4,0.025567304922966855,0.4422383267109742,8.131071403527515e-5,0.2705518199146434,0.1327897805245629,6.643067076618339e-5,0.27912417374961346,0.11579333417961454,8.56790069580931e-5,0.5445069040437088,0.03786287094292551,9.051574471110543e-5,0.14271840100968253,0.2019748352790818
suef,GSCC02,pH,12,0.03818442335386852,0.007428767989096883,0.528044245478813,0.04462933700914839,0.036960414792384086,0.36656341618137894,0.01807692307692272,0.31653714734328003,0.10004143785939712,1.3010350710831513e-5,0.7590794130168288,0.010985383448595771,6.968215493000132e-5,0.07325652443259051,0.31349243866569515,-3.396523407290405e-5,0.5264625143229402,0.04601759305541632,7.507961019815591e-5,0.09289569632270948,0.23533289749955844,1.0808417160175564e-4,0.019975337594586397,0.4019043708195194,7.223013911923552e-5,0.23029769371740338,0.12787404201280123,1.3278745138685212e-4,0.06426686085689702,0.3305623910663341,2.20561519450652e-4,0.0033754949095348838,0.6337044922150589,1.3830416649182413e-5,0.8931813373920898,0.0021154027765844232,5.8643082684150136e-5,0.17647257548551626,0.19294161426079934,1.615060060888801e-4,0.2500780006769649,0.14379688457324774,5.083734456000977e-5,0.40179893074048845,0.07921018739609426
suef,GSCC03,pH,12,0.035384896593485655,0.06487323306076263,0.3007231372085821,0.031404220779220365,0.19220000624257785,0.16358734302304326,0.012404640813729101,0.48912031982772786,0.04904072831785028,3.5631181117855493e-5,0.5311489273842913,0.04500669497726265,5.890251767400039e-5,0.3776476780038812,0.08732231721685639,1.5116838328327461e-5,0.7985783990196873,0.007618658643530856,2.4811907594733363e-5,0.6313001207944811,0.02166868350020577,5.277580720246676e-5,0.3376111311054687,0.08372690862207424,-1.6479345340451147e-5,0.7931398574551031,0.006520383984956923,8.164721573685912e-5,0.14927583091239302,0.21647687228020152,1.822182541751648e-4,0.10003256573590408,0.2718182392057585,2.523847850458615e-5,0.7544094723231122,0.011427113763554375,1.1729176212323485e-4,0.0790698287046299,0.27654805154313483,9.366372031576484e-5,0.4920426077312068,0.0484005902591844,1.6314276218719575e-4,0.04453583823920344,0.34524427074751196
suef,GSCC04,pH,12,0.03788881938309988,0.055120293737659705,0.3202464301900248,0.043045848382388355,0.06132696404284099,0.307499797730699,0.015157342657342102,0.3727715765773998,0.08008704261756609,7.488298835189168e-5,0.28998278675112804,0.12315043217811356,9.968084665858743e-5,0.20265686289743204,0.17341470527850938,8.848950174178019e-5,0.30432959053082126,0.11648330669144637,7.070064773137399e-5,0.14878763051808455,0.1797599787048488,9.391229057063809e-5,0.0662905751588876,0.2741632316547668,5.537955880465614e-5,0.39139594448063497,0.06747925479822577,8.0815523861539e-5,0.1886953862479656,0.18349281545738197,1.951817995486183e-4,0.18673246780508096,0.18496887401043985,3.680583420574361e-5,0.6365574339819627,0.025878287993931322,7.058895220483002e-5,0.25721156485814795,0.12616325903390083,1.0068126129319668e-4,0.4690995247183838,0.05358959539059053,8.62359544514951e-5,0.0901028330191781,0.26033732140983246
suef,GSFC01,pH,13,0.030015278617227283,4.129881427462902e-4,0.6930609321358193,0.04562009419152252,3.11957833846482e-4,0.7078726700875765,0.02131868131868143,0.024910688632072752,0.37974159893855725,3.615350495308622e-5,0.24935809565147848,0.13011710233290155,3.1576866736040534e-5,0.643529882890877,0.022258011007781152,2.3225167999831486e-5,0.57929922992433025,0.03178934421636748,8.389182361427713e-5,0.00791463051333313,0.48786788226897787,1.2382877115324947e-4,4.501069937708458e-4,0.6883746997437735,5.7263834889522266e-5,0.1607713494715756,0.170539823485136,8.295633454359146e-5,0.0100308362954862,0.5008187902199848,1.3969182483678462e-4,0.0012307501995634778,0.6646878581521066,3.436737206782381e-5,0.3323418779721118,0.0940242131786697,7.402969051490412e-5,0.012528769320011828,0.44662261779126616,4.533844145863281e-5,0.22402543034894631,0.13113121029483635,8.20423669838588e-5,0.02406445642525901,0.3832526184339382
suef,GSFC02,pH,13,0.027490412054032663,0.0021524588001145023,0.5903791598732464,0.04400390208082468,0.0025834499532962317,0.5772365264212791,0.007348901098900963,0.362439094665851,0.07584845347175619,5.7161678402035005e-5,0.13575839258766412,0.20839432728246332,1.0342156699284636e-4,0.16258035769266596,0.1851936101931558,-2.6897899169691863e-5,0.6313007071809245,0.023915710418057852,1.0144687846455615e-4,0.023323571761645234,0.3864160738586086,1.0489441008452823e-4,0.005878129106521517,0.5131288359454295,8.99044341914818e-5,0.08266997770113484,0.2488684440734132,6.0377774401868404e-5,0.11227868362382472,0.23263149804818067,1.0539814021879892e-4,0.023436307752992172,0.4164454347367138,1.909304761227097e-5,0.617779322524734,0.0258321146543846,9.929744900431288e-5,0.007762004268743068,0.48955601488250144,7.368634379037861e-5,0.05999861167798248,0.2854291108400889,1.0363958148728351e-4,0.022038648208937365,0.39211611556410275
suef,GSFC03,pH,13,0.030125891532552972,0.0013174772059804,0.623870328089686,0.046379173710903956,0.0038673442972088565,0.5468007323069285,0.01945316588173722,0.011757145274688328,0.45249485940870793,4.388586797717984e-5,0.1564178805501543,0.1901763947199822,6.112392223449338e-5,0.06831319544164448,0.2944585092027854,2.9698682987622014e-5,0.48566291881778145,0.04980578181072331,9.206889704126256e-5,0.025260334476918472,0.378321231461623,1.4180402592320283e-4,0.012135302174288204,0.4495769693150717,6.446806022698856e-5,0.11682959293938654,0.20843348185353625,6.707328007537157e-5,0.053304938132110236,0.32421498430461065,1.1099414697439087e-4,0.005405677602036849,0.5554175458555212,2.6474073837805368e-5,0.48814942251432414,0.0492547224595022,9.407144573958512e-5,3.706842217428321e-4,0.6988497017373347,4.854275709883007e-5,0.07249340812760219,0.2639724666720483,9.100095523775134e-5,0.0025275330406008783,0.5788324763002036
walker_branch,east_fork,pH,18,-0.01292429997760816,0.050170362597878916,0.21899686376552513,-0.012588825003685248,0.2491854669424966,0.08204287130848373,-0.013407563025210057,0.01578806189176261,0.31293073041349234,-1.1762340138548385e-5,0.44882871591498974,0.038760091573062344,5.2881932994908895e-6,0.8165257425734582,0.0037033915624502425,-1.760188553173286e-5,0.35763018977300165,0.056646446776749744,-1.8372525995242834e-5,0.25383212156453633,0.08581554467116896,-2.867600606428566e-5,0.3894270653334808,0.04976608913183313,-1.6032632583187985e-5,0.1090439063404515,0.16214522863623965,-1.222667267195864e-5,0.3275321130184067,0.06392603225128066,5.005525534986512e-6,0.8114809888280168,0.003913390237352543,-2.4990453681542302e-05,0.11281405044360346,0.15904309967266733,-4.31585073512936e-5,0.020131865064657112,0.31052655545355284,-2.7888758963200482e-5,0.47644781792053736,0.03433676774047567,-6.408823490353318e-5,3.151278895146185e-4,0.5902726819331136
walker_branch,west_fork,pH,24,-0.0029402485380457463,0.5911364586277066,0.013328405581182416,-0.004235610766047086,0.6296604218506301,0.010753570928706468,-0.007512484472050251,0.010549471547337833,0.2620728923304471,9.309619793512582e-7,0.9592311737764498,1.2742184234452116e-4,-2.145568627089622e-6,0.9253652391721907,4.2785406251691995e-4,-6.972005453058004e-6,0.6338600931932716,0.011001957409429945,1.4081305581260411e-5,0.3619735864751965,0.03971282002548058,2.7295871487533192e-5,0.27190796903776376,0.05715957088651362,-9.572744315438564e-7,0.9223133615905027,4.636651371194952e-4,-6.250881982598458e-6,0.5578256002733843,0.016610229443895657,1.3439003912620082e-5,0.538088520152563,0.01831638255236661,-1.6302982556075975e-5,0.04679439401652938,0.17525851477183604,-1.2257814577817247e-5,0.4124278227248642,0.03222764632588698,-2.0945815072420703e-5,0.44635491809934735,0.02788129648805514,-2.897577658995346e-5,3.483068910361154e-4,0.4636551056330009
